x,data1,sig1,data2,sig2,data3,sig3,data4,sig4
0.00e+00,5.09e+00,1.00e-01,3.54e-02,1.00e-01,-7.05e-01,5.00e-01,1.30e+00,2.00e-01
2.04e-01,4.99e+00,1.00e-01,-1.58e-01,1.00e-01,-1.29e+00,5.00e-01,3.27e+00,2.00e-01
4.08e-01,5.14e+00,1.00e-01,-6.15e-02,1.00e-01,-3.00e+00,5.00e-01,4.11e+00,2.00e-01
6.12e-01,5.26e+00,1.00e-01,-2.23e-01,1.00e-01,-3.85e+00,5.00e-01,3.76e+00,2.00e-01
8.16e-01,5.16e+00,1.00e-01,-2.44e-03,1.00e-01,-3.07e+00,5.00e-01,2.96e+00,2.00e-01
1.02e+00,5.28e+00,1.00e-01,9.83e-02,1.00e-01,-1.80e+00,5.00e-01,1.21e+00,2.00e-01
1.22e+00,5.44e+00,1.00e-01,1.90e-02,1.00e-01,-5.63e-01,5.00e-01,5.95e-02,2.00e-01
1.43e+00,5.32e+00,1.00e-01,2.46e-01,1.00e-01,1.87e+00,5.00e-01,8.21e-02,2.00e-01
1.63e+00,5.37e+00,1.00e-01,9.48e-02,1.00e-01,3.67e+00,5.00e-01,3.67e-01,2.00e-01
1.84e+00,5.37e+00,1.00e-01,-8.70e-02,1.00e-01,4.60e+00,5.00e-01,9.56e-01,2.00e-01
2.04e+00,5.31e+00,1.00e-01,2.44e-02,1.00e-01,3.55e+00,5.00e-01,1.85e+00,2.00e-01
2.24e+00,5.50e+00,1.00e-01,3.94e-03,1.00e-01,2.61e+00,5.00e-01,2.19e+00,2.00e-01
2.45e+00,5.71e+00,1.00e-01,-1.04e-01,1.00e-01,1.74e+00,5.00e-01,2.82e+00,2.00e-01
2.65e+00,5.71e+00,1.00e-01,-9.72e-02,1.00e-01,-2.16e+00,5.00e-01,2.42e+00,2.00e-01
2.86e+00,5.52e+00,1.00e-01,1.09e-01,1.00e-01,-2.87e+00,5.00e-01,1.95e+00,2.00e-01
3.06e+00,5.61e+00,1.00e-01,-2.98e-02,1.00e-01,-3.08e+00,5.00e-01,1.42e+00,2.00e-01
3.27e+00,5.63e+00,1.00e-01,-4.41e-02,1.00e-01,-3.19e+00,5.00e-01,1.20e+00,2.00e-01
3.47e+00,5.65e+00,1.00e-01,-5.91e-02,1.00e-01,-2.02e+00,5.00e-01,6.22e-01,2.00e-01
3.67e+00,5.77e+00,1.00e-01,1.40e-01,1.00e-01,-7.22e-01,5.00e-01,1.14e+00,2.00e-01
3.88e+00,5.78e+00,1.00e-01,-3.10e-02,1.00e-01,9.13e-01,5.00e-01,1.23e+00,2.00e-01
4.08e+00,5.85e+00,1.00e-01,-1.94e-02,1.00e-01,2.45e+00,5.00e-01,1.59e+00,2.00e-01
4.29e+00,5.80e+00,1.00e-01,2.22e-01,1.00e-01,2.82e+00,5.00e-01,1.62e+00,2.00e-01
4.49e+00,5.91e+00,1.00e-01,2.45e-01,1.00e-01,3.28e+00,5.00e-01,1.52e+00,2.00e-01
4.69e+00,5.89e+00,1.00e-01,2.69e-01,1.00e-01,2.26e+00,5.00e-01,1.73e+00,2.00e-01
4.90e+00,5.97e+00,1.00e-01,3.30e-01,1.00e-01,6.00e-02,5.00e-01,1.60e+00,2.00e-01
5.10e+00,5.79e+00,1.00e-01,5.08e-01,1.00e-01,-1.39e+00,5.00e-01,1.62e+00,2.00e-01
5.31e+00,6.14e+00,1.00e-01,6.76e-01,1.00e-01,-2.67e+00,5.00e-01,1.09e+00,2.00e-01
5.51e+00,6.04e+00,1.00e-01,8.53e-01,1.00e-01,-2.95e+00,5.00e-01,8.21e-01,2.00e-01
5.71e+00,6.27e+00,1.00e-01,1.23e+00,1.00e-01,-2.91e+00,5.00e-01,1.39e+00,2.00e-01
5.92e+00,6.16e+00,1.00e-01,1.45e+00,1.00e-01,-2.55e+00,5.00e-01,1.80e+00,2.00e-01
6.12e+00,6.27e+00,1.00e-01,1.45e+00,1.00e-01,-1.05e+00,5.00e-01,1.30e+00,2.00e-01
6.33e+00,6.36e+00,1.00e-01,1.84e+00,1.00e-01,4.06e-01,5.00e-01,1.47e+00,2.00e-01
6.53e+00,6.22e+00,1.00e-01,1.98e+00,1.00e-01,1.34e+00,5.00e-01,1.49e+00,2.00e-01
6.73e+00,6.22e+00,1.00e-01,2.14e+00,1.00e-01,2.99e+00,5.00e-01,1.57e+00,2.00e-01
6.94e+00,6.58e+00,1.00e-01,2.08e+00,1.00e-01,3.66e+00,5.00e-01,1.52e+00,2.00e-01
7.14e+00,6.49e+00,1.00e-01,2.01e+00,1.00e-01,3.33e+00,5.00e-01,1.43e+00,2.00e-01
7.35e+00,6.60e+00,1.00e-01,1.66e+00,1.00e-01,1.61e+00,5.00e-01,1.41e+00,2.00e-01
7.55e+00,6.51e+00,1.00e-01,1.48e+00,1.00e-01,2.53e-01,5.00e-01,1.86e+00,2.00e-01
7.76e+00,6.55e+00,1.00e-01,1.14e+00,1.00e-01,-2.01e+00,5.00e-01,1.24e+00,2.00e-01
7.96e+00,6.58e+00,1.00e-01,9.81e-01,1.00e-01,-3.68e+00,5.00e-01,1.85e+00,2.00e-01
8.16e+00,6.69e+00,1.00e-01,9.07e-01,1.00e-01,-3.95e+00,5.00e-01,1.67e+00,2.00e-01
8.37e+00,6.61e+00,1.00e-01,6.37e-01,1.00e-01,-2.44e+00,5.00e-01,1.63e+00,2.00e-01
8.57e+00,6.72e+00,1.00e-01,3.93e-01,1.00e-01,-2.35e+00,5.00e-01,1.59e+00,2.00e-01
8.78e+00,6.83e+00,1.00e-01,2.18e-01,1.00e-01,-2.18e-01,5.00e-01,1.45e+00,2.00e-01
8.98e+00,6.77e+00,1.00e-01,2.03e-01,1.00e-01,1.70e+00,5.00e-01,1.36e+00,2.00e-01
9.18e+00,6.80e+00,1.00e-01,1.42e-01,1.00e-01,3.55e+00,5.00e-01,1.38e+00,2.00e-01
9.39e+00,6.95e+00,1.00e-01,4.41e-02,1.00e-01,4.16e+00,5.00e-01,1.43e+00,2.00e-01
9.59e+00,6.92e+00,1.00e-01,-6.40e-02,1.00e-01,3.51e+00,5.00e-01,8.51e-01,2.00e-01
9.80e+00,7.04e+00,1.00e-01,-6.96e-02,1.00e-01,1.62e+00,5.00e-01,1.43e+00,2.00e-01
1.00e+01,7.05e+00,1.00e-01,-2.15e-01,1.00e-01,1.05e+00,5.00e-01,1.37e+00,2.00e-01
